col_1,행정동,유흥업소 수,초등학교 수,"중,고등학교 수",요리 주점,입시·교과학원,등록인구_scaled,여성비율_scaled,외국인비율_scaled,고령자 비율_scaled,총점,치안기관,어린이용 CCTV 수,안전비상벨 수,기타 CCTV 수,시설물 CCTV 수,쓰레기단속 CCTV 수,가로등 수_scaled,보안등 수_scaled,생활방범 CCTV 수_scaled,총점,순위험도
,1,0.2,0.09,0.03,0.1,0.03,0.34,0.12,0.02,0.07,,0.1,0.1,0.05,0.04,0.04,0.04,0.18,0.1,0.35,,0
중구,소계,0,0,0,0,0,1.453199127,7.178173986,0.619560965,4.9070668,1.711354477,0,0,0,0,0,0,0,0,0,0,1.711354477
중구,동인동,0.549450549,2,0,1.929824561,0.109489051,0.110238269,5.271016361,0.868669424,6.515709663,1.629633277,2.5,1.754385965,0.555555556,0,0,7.741935484,2.307971014,1.237337192,3.358208955,2.47743543,-0.847802153
중구,삼덕동,3.736263736,4,0,9.122807018,0.109489051,0.088670709,7.704240249,1.011971468,2.626286919,3.181554505,0,3.157894737,1.944444444,0,0,7.419354839,0.760869565,1.512301013,3.084577114,2.077574502,1.103980003
중구,성내1동,1.098901099,4,1.428571429,7.280701754,0.583941606,0.05913213,7.133490413,1.193587705,3.962361854,2.545586644,0,2.105263158,0.833333333,0,0,6.774193548,0.876811594,1.570188133,3.731343284,2.143975774,0.40161087
중구,성내2동,2.637362637,2,2.857142857,3.947368421,0.145985401,0.05689658,4.605970921,1.704654459,6.28639133,2.238505047,10,1.578947368,0.555555556,0,0.909090909,8.064516129,1.22826087,1.432706223,3.855721393,3.258476863,-1.019971815
중구,성내3동,0.21978022,2,0,0.087719298,0.182481752,0.05913213,5.054529161,0.519483653,4.180572509,1.167880599,2.5,2.631578947,0.555555556,0,0.303030303,4.838709677,1.800724638,0.955137482,3.656716418,2.446100201,-1.278219602
중구,대신동,0.32967033,2,1.428571429,0.175438596,0.218978102,0.107288076,6.484978963,0.096664447,4.87952098,1.47107959,0,1.578947368,0.555555556,0,0,4.516129032,0.449275362,1.512301013,1.393034826,1.085979531,0.385100059
중구,남산1동,0.32967033,2,1.428571429,0.526315789,0.255474453,0.05220559,7.35022521,0.816842919,5.463914155,1.647674796,0,1.403508772,0.833333333,0,0,5.806451613,0.532608696,1.005788712,1.368159204,1.089579766,0.55809503
중구,남산2동,0.10989011,2,0,0.263157895,0.255474453,0.095597249,7.575084459,0.44776345,3.841129822,1.455305601,2.5,1.578947368,0,0,0,7.096774194,0.572463768,0.745296671,1.44278607,1.374313974,0.080991627
중구,남산3동,0,0,2.857142857,0.175438596,0.145985401,0.088707357,9.000574003,0.372158977,5.969092963,1.643146776,0,2.98245614,0.277777778,0,0,10,0.355072464,1.099855282,2.064676617,1.608669891,0.034476885
중구,남산4동,0,0,0,0.263157895,0.620437956,0.231855855,8.248033171,0.069283563,5.235378556,1.48138607,0,2.105263158,0.833333333,0,0,3.870967742,0.471014493,2.315484805,2.014925373,1.428586662,0.052799408
중구,대봉1동,0,0,2.857142857,3.157894737,0.182481752,0.112840303,8.477539551,1.051323224,5.028967497,1.83570285,0,0.350877193,0,0,0,5.483870968,1.239130435,0.20260492,1.592039801,1.054960459,0.780742392
중구,대봉2동,0.32967033,0,0,0.438596491,0,0.056035344,6.85152632,0.276480088,4.1736558,1.248714398,0,0,0,0,0,3.870967742,0.355072464,0.571635311,1.218905473,0.7025322,0.546182198
동구,소계,0,0,0,0,0,6.224101062,6.069775011,0.290201121,5.456470336,3.232324308,0,0,0,0,0,0,0,0,0,0,3.232324308
동구,신암1동,0.659340659,2,1.428571429,2.456140351,0.145985401,0.133216792,4.994695576,0.272738103,7.670940303,1.791796633,2.5,0,0.555555556,0,0,0.967741935,0.376811594,1.534008683,1.815920398,1.17328655,0.618510084
동구,신암2동,0.32967033,2,0,0.964912281,0.437956204,0.156305259,7.897379021,0.108402675,5.946231646,1.77479752,2.5,0,1.111111111,0,0,0.967741935,0.387681159,0.11577424,0.572139303,0.625874022,1.148923498
동구,신암3동,0.769230769,2,0,0.701754386,0.401459854,0.179118863,6.191883702,0.131276187,4.302839049,1.523816103,0,0,1.111111111,0,0,0.64516129,0.391304348,0.253256151,1.218905473,0.60373932,0.920076782
동구,신암4동,2.637362637,2,0,1.403508772,0.072992701,0.1738415,5.281674384,0.412260275,6.645853941,2.016375203,2.5,0,1.388888889,0,0,1.612903226,2.423913043,0.622286541,1.71641791,1.483239844,0.533135359
동구,신암5동,0.32967033,4,2.857142857,0.526315789,0.255474453,0.082990213,8.032391679,0.270360918,8.546447226,2.167706362,0,0,0.833333333,0,0,0,0.362318841,0.586107091,0.92039801,0.487634071,1.680072292
동구,신천1·2동,0,0,0,0,0,0.198927302,8.064842042,0.05922051,7.460654927,1.558846583,0,0,0,0,0,0,0,0,0,0,1.558846583
동구,신천3동,0.659340659,2,2.857142857,0.789473684,0.693430657,0.237591323,5.69005506,0.247515329,3.616626711,1.519034539,2.5,0,1.388888889,0,0,2.258064516,0.239130435,0.1447178,0.671641791,0.70235691,0.816677629
동구,신천4동,10,2,0,5,0.145985401,0.123559948,5.877659744,0.670902339,5.538838377,3.832845847,0,0,1.111111111,0,0,1.935483871,1.224637681,0.672937771,1.243781095,0.856026853,2.976818993
동구,효목1동,0.769230769,2,1.428571429,2.98245614,0,0.212707086,5.69830834,0.279477316,8.385146863,2.023616147,0,0,0.833333333,0,0,0.967741935,0.927536232,2.424023155,1.815920398,1.125307321,0.898308827
동구,효목2동,0.769230769,2,0,1.754385965,0.291970803,0.204314612,7.568183155,0.165265139,6.895884839,1.981710063,0,0,0.833333333,0,0,2.903225806,1.438405797,1.121562952,1.71641791,1.129611306,0.852098757
동구,도평동,0,0,0,0.087719298,0.03649635,0.041412648,1.405347677,0.297677013,7.646451529,0.733793989,0,0,0.555555556,0,1.818181818,2.258064516,0.344202899,0.528219971,0.472636816,0.471029036,0.262764953
동구,불로봉무동,0.21978022,2,0,0,0,0.357339842,6.038757801,0.511320183,3.815096907,1.347385714,0,0,0,0,0,0,0,0,0,0,1.347385714
동구,지저동,0.32967033,0,1.428571429,0.789473684,0.109489051,0.229070579,5.283013761,0.37044474,7.124538602,1.408995494,0,0,0.555555556,0,0,1.290322581,1.721014493,1.483357453,1.616915423,1.103429433,0.305566061
동구,동촌동,0.43956044,2,1.428571429,1.842105263,0.03649635,0.251426079,5.02296159,0.428235661,6.620545625,1.656317812,2.5,0,0.555555556,0,0,3.225806452,0.775362319,1.208393632,1.990049751,1.363732029,0.292585783
동구,방촌동,0.32967033,6,1.428571429,1.403508772,0.437956204,0.309458759,6.997401823,0.198872809,6.951067674,2.237737162,0,0,1.388888889,0,1.515151515,1.290322581,1.06884058,2.742402315,1.641791045,1.22292181,1.014815352
동구,해안동,0.10989011,2,1.428571429,1.228070175,0.072992701,0.242978632,5.106142282,0.240223763,7.495927436,1.594701168,0,0,0.555555556,0,0,5.483870968,0.920289855,1.215629522,1.766169154,1.152506947,0.442194221
동구,안심1동,0.549450549,8,2.857142857,4.210526316,0.948905109,0.730200265,6.416002601,0.330991957,4.889904026,2.732225704,0,0,5.277777778,0,0,3.225806452,3.956521739,10,5.149253731,3.907333866,-1.175108162
동구,안심2동,0,0,1.428571429,0.087719298,0,0.181262793,5.375945706,0.312032757,6.154390182,1.195419875,2.5,0,2.222222222,0,0,5.161290323,4.300724638,3.675832127,4.378109453,3.24161468,-2.046194805
동구,안심3동,0.21978022,6,2.857142857,1.228070175,2.335766423,0.371266219,6.497001661,0.299702488,2.826353819,1.972259871,0,0,2.5,0,0,1.612903226,2.192028986,1.772793054,2.36318408,1.58847508,0.383784791
동구,안심4동,0.549450549,2,2.857142857,0.789473684,0.693430657,0.492682239,5.596430414,0.308858889,3.626031356,1.574437667,5,0,0.833333333,0,0,2.258064516,1.695652174,1.714905933,1.865671642,1.761682307,-0.187244639
동구,혁신동,0,4,2.857142857,1.140350877,0.98540146,0.311749281,5.67605657,0.226125136,1.54728123,1.48926515,2.5,0,1.388888889,0,0.454545455,1.935483871,5.416666667,6.063675832,3.606965174,3.258851012,-1.769585862
동구,공산동,0,6,2.857142857,0.789473684,0.255474453,0.363899899,6.192871344,0.180015028,6.604850726,2.045136266,5,0,0.833333333,0,1.060606061,7.741935484,5.768115942,1.034732272,1.766169154,2.653661629,-0.608525363
서구,소계,0,0,0,0,0,2.936908014,5.219664552,0.898536521,6.751385261,2.11547617,0,0,0,0,0,0,0,0,0,0,2.11547617
서구,내당1동,1.978021978,2,0,1.754385965,0.109489051,0.155425698,5.666736299,0.171366505,5.454414188,1.87241708,2.5,3.859649123,0,0.11627907,0,0,0.268115942,0.441389291,2.388059701,1.568836769,0.303580311
서구,내당2·3동,0,0,0,0,0,0.140418194,6.954661328,0.39910187,8.402409122,1.478452221,0,0,0,0,0,0,0,0,0,0,1.478452221
서구,내당4동,0.989010989,2,4.285714286,2.98245614,0.437956204,0.263758253,7.262741096,0.268344699,6.401110576,2.232409298,2.5,5.789473684,1.111111111,3.837209302,1.515151515,0,0.623188406,1.881331404,3.184079602,2.513332271,-0.280922972
서구,비산1동,0.10989011,4,0,0.789473684,0.03649635,0.142122343,4.384362225,0.677175481,7.470986785,1.572977929,0,9.473684211,1.111111111,2.209302326,0,0,0.101449275,0.969609262,2.36318408,2.033632293,-0.460654364
서구,비산2·3동,0,0,0,0,0,0.133198467,6.286147811,0.369411884,9.413390856,1.465950814,0,0,0,0,0,0,0,0,0,0,1.465950814
서구,비산4동,0.21978022,2,2.857142857,1.49122807,0.03649635,0.143679899,6.663003182,0.182938368,7.39768658,1.829796403,0,6.315789474,1.111111111,0.813953488,0.909090909,0,0.217391304,0.781476122,2.810945274,1.857165172,-0.027368769
서구,비산5동,0.10989011,2,0,4.122807018,0.182481752,0.08004002,4.242989378,1.998449006,8.683762497,1.803937863,0,3.684210526,0,0.930232558,0,0,0.217391304,0.311143271,2.661691542,1.407467156,0.396470707
서구,비산6동,0.43956044,0,0,0.789473684,0,0.105235768,5.970912132,0.428434027,7.375712228,1.44401761,0,4.736842105,0,0.581395349,0,0,0.235507246,0.463096961,1.71641791,1.186387293,0.257630317
서구,비산7동,0.879120879,2,0,4.298245614,0,0.160098364,0.790947121,6.154236498,6.530426093,1.515210392,2.5,4.736842105,2.222222222,0.11627907,0.909090909,0,2.847826087,1.693198263,8.308457711,4.465698842,-2.95048845
서구,평리1동,0.549450549,2,0,1.929824561,0.072992701,0.10888228,5.165902107,0.506872815,7.231499305,1.658332983,0,6.666666667,0,1.511627907,0,0,0.268115942,1.092619392,2.189054726,1.650823746,0.007509237
서구,평리2동,0.10989011,2,0,0.614035088,0.145985401,0.111099506,6.420982467,0.212636433,5.854046127,1.490088778,0,8.596491228,2.222222222,0.813953488,0,0,0.148550725,0.05788712,1.542288557,1.575647211,-0.085558432
서구,평리3동,0.879120879,2,5.714285714,1.578947368,0.255474453,0.146630092,4.885922849,0.478217175,7.128220865,1.837516495,5,8.245614035,1.111111111,2.325581395,0,0,0.539855072,0.868306802,4.328358209,3.172070181,-1.334553686
서구,평리4동,4.065934066,0,0,3.421052632,0.291970803,0.290603177,5.540962633,0.222227453,5.159991724,2.293415766,2.5,4.210526316,0,1.860465116,0,0,0.586956522,0.01447178,3.955223881,2.236898947,0.05651682
서구,평리5동,0.10989011,2,0,0.526315789,0.109489051,0,0.985037773,0.775250615,7.223114237,0.897221814,0,3.157894737,1.111111111,2.441860465,0,0,0.612318841,0.08683068,1.890547264,1.24961145,-0.352389636
서구,평리6동,0,2,0,0.087719298,0.03649635,0.032470448,0.556394937,1.705843953,7.014412906,0.792799948,0,2.631578947,0,0.930232558,0,0,0.927536232,0.520984081,1.31840796,0.980864913,-0.188064965
서구,상중이동,0.32967033,4,4.285714286,1.052631579,0.328467153,0.331502748,4.94425399,0.997381747,5.207992385,1.760151182,2.5,9.298245614,10,10,0.303030303,0,4.913043478,4.77568741,10,6.953862341,-5.193711158
서구,원대동,1.868131868,2,1.428571429,1.140350877,0.145985401,0.105052526,4.501654319,0.57771382,7.974589874,1.860590111,2.5,10,3.333333333,0.697674419,0,0,0.449275362,0.846599132,3.333333333,2.776769788,-0.916179677
남구,소계,0,0,0,0,0,2.59862532,7.207991516,0.946272625,6.59682438,2.22919475,0,0,0,0,0,0,0,0,0,0,2.22919475
남구,이천동,0,4,1.428571429,1.052631579,0.620437956,0.183644936,7.894857846,0.77720024,7.398298381,2.069980551,0,4.035087719,2.222222222,0,0,0.322580645,1.612318841,1.193921852,1.467661692,1.450814278,0.619166273
남구,봉덕1동,0.659340659,0,0,0.964912281,0,0.13426127,6.93409559,1.230290257,7.242543446,1.637683509,2.5,0.526315789,2.777777778,0,0,0,0.905797101,0.1447178,1.218905473,1.045652642,0.592030867
남구,봉덕2동,0,0,0,0.701754386,0.03649635,0.193576642,7.820171731,0.865640037,6.418769741,1.542133678,0,0.526315789,1.111111111,0,0,0,1.905797101,1.302460203,1.368159204,1.060332354,0.481801323
남구,봉덕3동,1.868131868,4,5.714285714,1.578947368,0.620437956,0.265847209,7.536452417,0.964184851,6.780619323,2.570252211,2.5,4.736842105,3.333333333,0,0,0,1.387681159,1.056439942,1.343283582,1.715926734,0.854325478
남구,대명1동,0.549450549,0,0,0.789473684,0.145985401,0.1710379,6.305564973,1.240171571,6.139496731,1.462605926,0,3.157894737,2.222222222,0,0,0,0,0.564399421,0.597014925,0.692295751,0.770310175
남구,대명2동,0.10989011,2,5.714285714,0.964912281,0.328467153,0.191579306,7.790263676,0.732094751,5.258784078,1.862477222,0,3.50877193,2.222222222,0,0,0,0.137681159,0.564399421,1.616915423,1.109131253,0.753345969
남구,대명3동,0.659340659,0,0,2.368421053,0.145985401,0.164202981,5.836632408,0.96308501,7.446591166,1.669837783,2.5,2.280701754,4.444444444,0,0,0,0.985507246,1.505065123,2.537313433,1.916249916,-0.246412132
남구,대명4동,1.098901099,2,2.857142857,0.789473684,0.072992701,0.164312926,6.830494548,0.372000064,7.308575582,1.961197688,2.5,2.98245614,5,0,0,0,0.514492754,0.274963821,1.592039801,1.475564622,0.485633065
남구,대명5동,0.989010989,2,1.428571429,1.754385965,0.072992701,0.087278071,7.577044199,5.507150795,5.41169669,2.02616935,2.5,2.105263158,1.111111111,0,0,0,0.489130435,1.577424023,0.746268657,1.023061782,1.003107569
남구,대명6동,0.10989011,2,0,0.526315789,0.328467153,0.176590127,7.356555934,0.307955375,5.195126461,1.577108931,2.5,2.105263158,0.555555556,0,0,0,0.025362319,0.441389291,1.915422886,1.20740625,0.36970268
남구,대명9동,0.879120879,4,1.428571429,1.929824561,0.218978102,0.247468056,6.408876763,0.503319235,5.898590257,2.054405171,2.5,5.087719298,2.777777778,0,0,0,3.246376812,2.431259045,2.338308458,2.54354251,-0.489137339
남구,대명10동,2.307692308,0,0,1.578947368,0.03649635,0.131750857,7.921296911,0.329488559,7.656724254,2.158439479,0,1.052631579,1.111111111,0,0,0,0.105072464,0.15195369,0.721393035,0.447414688,1.71102479
남구,대명11동,0.32967033,2,0,0.701754386,0.072992701,0.122057366,7.790213283,0.405356423,8.200450575,1.876763053,0,2.807017544,1.111111111,0,0,0,0.173913043,0.412445731,0.671641791,0.643880858,1.232882195
북구,소계,0,0,0,0,0,7.9620946,5.424280843,0.823563386,3.62276533,3.628090706,0,0,0,0,0,0,0,0,0,0,3.628090706
북구,고성동,0.10989011,0,0,2.456140351,0.218978102,0.056035344,6.636183325,0.193355014,6.142278166,1.523381988,0,1.052631579,0,0,0.606060606,0.967741935,0.97826087,0.22431259,0.621890547,0.584395167,0.938986821
북구,칠성동,1.428571429,2,4.285714286,1.49122807,0.364963504,0.393621719,7.498252373,0.338454123,3.864085807,2.065234185,5,2.456140351,0,0,2.878787879,6.129032258,2.923913043,0.23878437,2.189054726,2.422278779,-0.357044595
북구,침산1동,0,0,1.428571429,0,0,0.045004187,0.815403078,2.850304085,7.014617482,0.704036241,2.5,1.228070175,0,0,0.757575758,1.290322581,0.869565217,1.309696093,0.895522388,1.055647135,-0.351610894
북구,침산2동,0,2,0,1.228070175,1.277372263,0.307204884,7.00189239,0.137162008,2.688245046,1.476725326,0,2.807017544,0,0,0.606060606,0.64516129,1.434782609,0.0723589,0.646766169,0.822615549,0.654109777
북구,침산3동,0.10989011,4,2.857142857,0.350877193,1.131386861,0.325382471,7.045272958,0.180449411,4.174007263,1.788573925,2.5,1.754385965,0,0,9.545454545,1.612903226,1.775362319,2.141823444,0.721393035,1.658008031,0.130565893
북구,노원동,2.087912088,0,0,1.578947368,0.03649635,0.179576968,2.133496153,2.355152634,6.38743918,1.387871548,0,1.228070175,0.555555556,0.23255814,1.363636364,1.612903226,2.97826087,1.526772793,1.84079602,1.611991547,-0.22412
북구,산격1동,0.10989011,2,0,0.526315789,0.03649635,0.131842478,5.550394865,0.506391605,9.671400559,1.653704189,2.5,1.578947368,0,0,2.272727273,1.290322581,0.77173913,2.257597685,1.641791045,1.489716409,0.16398778
북구,산격2동,1.428571429,2,1.428571429,0.701754386,0.218978102,0.163928118,6.263976507,0.461725362,5.160267232,1.763182165,0,2.456140351,0.555555556,0,0.606060606,1.290322581,2.579710145,4.725036179,0.870646766,1.590824952,0.172357212
북구,산격3동,0.21978022,2,0,4.385964912,0.328467153,0.163726552,3.124697928,8.909374828,3.823459649,1.548867001,0,2.105263158,0,0,6.515151515,3.548387097,0.416666667,3.270622287,1.094527363,1.398214666,0.150652335
북구,산격4동,0,0,0,0.263157895,0.145985401,0.122625415,2.774437473,1.173490542,6.923080194,0.913405914,0,2.456140351,0.277777778,0,0.909090909,0.967741935,0.648550725,0.781476122,1.243781095,0.964786364,-0.05138045
북구,복현1동,6.153846154,2,0,2.719298246,0.109489051,0.114727694,0,4.35335974,2.719189124,2.002401576,2.5,2.105263158,0,0,4.696969697,2.258064516,0.449275362,0.578871201,0.995024876,1.225743076,0.7766585
북구,복현2동,0.10989011,4,8.571428571,0.701754386,0.766423358,0.546445384,5.61015093,0.981241174,2.919673707,1.815300544,0,4.736842105,0.277777778,0,0.606060606,1.612903226,0.844202899,1.201157742,1.094527363,1.231488526,0.583812018
북구,대현동,1.648351648,2,0,2.368421053,0.255474453,0.292124084,4.427704998,2.328352025,5.742139001,1.833340227,0,2.105263158,0,0,0.303030303,1.612903226,1.112318841,0.397973951,1.094527363,0.91026302,0.923077207
북구,검단동,0,0,2.857142857,0.350877193,0.072992701,0.087442989,4.72240928,1.962787153,7.337476275,1.272290598,0,0.877192982,0,0,2.727272727,1.290322581,0.550724638,1.092619392,4.776119403,2.128457276,-0.856166677
북구,무태조야동,0.10989011,8,2.857142857,2.192982456,1.569343066,0.629618839,4.205679239,0.317353127,2.960982461,2.026438594,2.5,9.649122807,0.555555556,0,1.515151515,0.967741935,6.018115942,5.810419682,3.109452736,4.094617092,-2.068178498
북구,관문동,0.43956044,10,2.857142857,1.140350877,1.058394161,0.629380624,5.48215418,0.193344425,2.733462828,2.286470486,2.5,4.736842105,0.555555556,0.11627907,1.060606061,1.290322581,5.025362319,4.674384949,2.014925373,2.92737789,-0.640907403
북구,태전1동,0.10989011,4,2.857142857,2.894736842,0.072992701,0.377569737,5.087995207,0.867407768,4.018139359,1.796906819,0,4.210526316,0.555555556,0,0.757575758,2.903225806,2.065217391,3.791606368,1.169154229,1.755366219,0.0415406
북구,태전2동,0.659340659,4,4.285714286,2.192982456,0.401459854,0.41383329,6.330345437,0.644247936,3.859848743,2.035200743,2.5,5.614035088,0.555555556,0,0.454545455,0.967741935,1.525362319,2.047756874,1.31840796,1.836856473,0.19834427
북구,구암동,1.318681319,6,10,3.684210526,0.766423358,0.598467732,6.25800788,0.115167067,2.179188755,2.604436546,2.5,7.368421053,1.944444444,0,3.787878788,0.64516129,2.68115942,4.522431259,1.592039801,2.753451682,-0.149015137
북구,관음동,0.32967033,4,1.428571429,2.01754386,0.182481752,0.263556687,4.689906899,0.29794762,4.886569407,1.67643696,0,3.859649123,1.388888889,0,4.848484848,0.967741935,1.112318841,2.778581766,1.343283582,1.63628325,0.04015371
북구,읍내동,0.21978022,6,2.857142857,1.666666667,0.328467153,0.450499975,5.69929395,0.143468565,3.779686282,1.950723688,2.5,9.122807018,0.277777778,0,0.606060606,0.64516129,1.655797101,3.835021708,2.039800995,2.621694464,-0.670970776
북구,동천동,3.736263736,6,0,6.842105263,3.175182482,0.471041381,6.611589499,0.083847164,1.565717762,3.131540744,2.5,3.859649123,0.833333333,0,1.666666667,0.967741935,2.586956522,3.979739508,0.995024876,1.994892754,1.13664799
북구,국우동,0,8,7.142857143,1.315789474,0.98540146,0.529238978,5.714427503,0.165113913,1.484247936,2.068298892,2.5,5.789473684,0,0,2.575757576,1.290322581,5.391304348,2.416787265,1.194029851,2.613614532,-0.54531564
수성구,소계,0,0,0,0,0,7.54133477,6.849262088,0.192205758,4.064135266,3.674298856,0,0,0,0,0,0,0,0,0,0,3.674298856
수성구,범어1동,0.659340659,2,1.428571429,2.807017544,1.569343066,0.267991138,7.659217945,0.156837181,3.086837594,1.911945837,5,3.157894737,0,7.441860465,0.151515152,0,1.199275362,0.22431259,1.492537313,1.880213382,0.031732454
수성구,범어2동,0.43956044,2,0,0.350877193,2.810218978,0.246991628,6.827235359,0.545842898,3.473903439,1.544641872,0,4.035087719,1.111111111,1.279069767,0,0,0.65942029,0.426917511,1.815920398,1.307186661,0.237455211
수성구,범어3동,1.538461538,4,0,3.333333333,1.423357664,0.282925345,7.147397566,0.26278345,1.545865951,2.111074982,0,1.578947368,0,1.511627907,0,0,0.735507246,0,0.945273632,0.681596929,1.429478053
수성구,범어4동,0,2,8.571428571,1.052631579,10,0.333903215,5.995309873,0.058955158,1.480781875,1.780204127,0,1.578947368,0,3.139534884,0,0,0.56884058,0.282199711,1.368159204,0.892943129,0.887260998
수성구,만촌1동,0.10989011,4,4.285714286,1.140350877,1.094890511,0.377074984,6.456324739,0.127907561,4.787988233,1.898113044,2.5,2.631578947,1.111111111,0.581395349,2.878787879,0,2.528985507,1.534008683,2.562189055,2.212505208,-0.314392164
수성구,만촌2동,0.10989011,4,0,0.438596491,1.350364964,0.168270949,5.530788221,0.521293896,4.706934369,1.527166613,2.5,3.333333333,0,0.813953488,1.363636364,1.290322581,1.079710145,0.347322721,2.089552239,1.682473212,-0.1553066
수성구,만촌3동,0,2,10,0.701754386,2.700729927,0.323733295,2.738537119,0.498415913,2.168051905,1.231623063,0,4.912280702,0,0.348837209,0.454545455,1.290322581,2.826086957,1.295224313,2.164179104,1.97065705,-0.739033987
수성구,수성1가동,0.32967033,2,2.857142857,0.964912281,0.98540146,0.288715786,9.565956169,0.075643456,5.468610526,2.088095337,0,1.754385965,0,0.23255814,0.151515152,0,0.293478261,0.0723589,1.069651741,0.625241615,1.462853723
수성구,수성2·3가동,0.10989011,0,0,0,0,0.178862325,6.59355022,0.13845504,4.15386405,1.167556823,0,0,0,0,0,0,0,0,0,0,1.167556823
수성구,수성4가동,0.10989011,0,2.857142857,2.631578947,0.437956204,0.225845523,8.627324679,0.101825277,5.452777821,1.879786281,0,1.403508772,0,0.11627907,0,0,0.637681159,0.369030391,0.7960199,0.575294653,1.304491628
수성구,황금1동,0,2,0,0.175438596,1.313868613,0.391899246,7.33175891,0,2.781730225,1.444737847,2.5,1.754385965,0,0.11627907,0,0,0.934782609,1.649782923,0.696517413,1.007110016,0.437627831
수성구,황금2동,5.714285714,2,2.857142857,3.333333333,0.510948905,0.192330598,6.891023577,0.374323755,4.495921058,2.971749411,0,1.929824561,0,1.976744186,0,4.193548387,0.56884058,0.354558611,2.562189055,1.474407494,1.497341917
수성구,중동,1.318681319,2,0,1.228070175,0.437956204,0.201309446,5.58382586,0.367477318,4.363655788,1.630991734,0,1.929824561,0,4.76744186,0,0,0.880434783,0.586107091,1.71641791,1.201515369,0.429476365
수성구,상동,0,2,1.428571429,1.666666667,0.875912409,0.260863032,6.523794696,0.514014096,6.0490063,1.721060699,0,4.210526316,0,0,1.363636364,1.935483871,1.365942029,2.098408104,2.139303483,1.757484036,-0.036423337
수성구,파동,0,2,1.428571429,0.789473684,0.437956204,0.191615954,7.337037071,0.05873177,6.89284575,1.744210908,2.5,1.929824561,0,0.930232558,0,0,1.007246377,2.329956585,1.766169154,1.512650969,0.231559939
수성구,두산동,3.516483516,2,0,10,0.364963504,0.241237835,6.473488541,0.618198517,3.129057119,2.984483066,2.5,4.561403509,1.666666667,2.790697674,9.242424242,4.516129032,1.239130435,1.599131693,1.890547264,2.496091912,0.488391154
수성구,지산1동,0.769230769,6,2.857142857,3.771929825,0.948905109,0.358842425,7.450757255,0.261485242,6.121521122,2.635054054,0,6.842105263,1.666666667,0.697674419,2.272727273,0.64516129,3.202898551,1.222865412,2.164179104,2.368437346,0.266616708
수성구,지산2동,0,2,2.857142857,1.578947368,0.656934307,0.299527053,8.070595482,0.03430113,5.630991594,1.908483142,2.5,3.50877193,2.222222222,0.11627907,1.666666667,0,0.72826087,1.975397974,1.417910448,1.608201544,0.300281597
수성구,범물1동,0,4,1.428571429,0.701754386,0.291970803,0.171312763,10,0.084098632,10,2.441720018,0,4.385964912,1.666666667,0.465116279,3.636363636,0,0.670289855,0.354558611,0.52238806,1.024932877,1.41678714
수성구,범물2동,0,2,1.428571429,0.701754386,0.729927007,0.275687294,6.907255109,0.01834206,4.239340703,1.534655375,0,4.561403509,2.222222222,0,1.515151515,0,0.869565217,0.434153401,0.895522388,1.141227438,0.393427938
수성구,고산1동,0.32967033,6,5.714285714,1.578947368,3.941605839,0.545455878,6.703755897,0.054684508,2.711287753,2.234295088,0,7.01754386,1.111111111,2.325581395,2.272727273,0,1.565217391,0,1.965174129,1.910792364,0.323502725
수성구,고산2동,0,6,4.285714286,1.578947368,0.98540146,0.484289764,5.74582205,0.086912632,3.477916663,1.955377794,2.5,5.438596491,3.888888889,6.744186047,10,0,10,5.615050651,3.28358209,5.168830332,-3.213452538
수성구,고산3동,0,6,1.428571429,2.192982456,1.459854015,0.563450223,7.052860664,0.051735362,3.301787452,2.116027193,2.5,5.614035088,0.555555556,0.23255814,3.636363636,0,1.576086957,1.237337192,1.791044776,2.028233201,0.087793993
달서구,소계,0,0,0,0,0,10,5.791298399,1.367442225,3.667915379,4.379058729,0,0,0,0,0,0,0,0,0,0,4.379058729
달서구,성당동,1.758241758,2,8.571428571,3.070175439,0.547445255,0.387079987,6.539418869,0.386988636,5.593132595,2.427828625,2.5,2.98245614,0.555555556,0.465116279,0,0,1.202898551,3.075253256,4.004975124,2.520416401,-0.092587777
달서구,두류1·2동,0,0,0,0,0,0.236052092,6.343297866,0.638007346,6.184574334,1.287133806,0,0,0,0,0,0,0,0,0,0,1.287133806
달서구,두류3동,0.21978022,2,0,4.210526316,0.182481752,0.115277419,6.689367673,0.380596113,6.824759977,1.977746692,2.5,1.403508772,0,0.465116279,0,0,0.597826087,3.769898698,1.641791045,1.46818096,0.509565732
달서구,본리동,1.648351648,4,4.285714286,1.842105263,0.437956204,0.339033986,5.806308408,1.270217739,2.748785348,2.045438864,0,2.807017544,0.555555556,1.162790698,0,0,0.81884058,0.325615051,1.741293532,1.144396706,0.901042158
달서구,감삼동,1.978021978,4,0,3.070175439,0.620437956,0.490080205,6.43595336,0.24474243,2.887244277,2.227178699,2.5,3.333333333,0,0.348837209,0,0,1.18115942,1.266280753,3.109452736,2.02483205,0.202346649
달서구,죽전동,0.989010989,2,0,1.052631579,0.182481752,0.210086728,5.871411213,0.738043792,4.435143294,1.589759548,0,0.350877193,0,1.162790698,0,0,0.246376812,1.020260492,2.288557214,1.028968247,0.5607913
달서구,장기동,0.43956044,4,1.428571429,2.456140351,1.058394161,0.28259551,5.329569801,1.750926931,3.382099827,1.775531467,0,1.052631579,0.277777778,1.279069767,0,0,2.670289855,0.991316932,2.661691542,1.681690744,0.093840723
달서구,용산1동,0,8,2.857142857,2.280701754,0.693430657,0.522312438,5.116027544,0.33514056,2.609378978,2.035456255,2.5,4.035087719,0.555555556,1.744186047,0,0,3.307971014,1.302460203,2.388059701,2.31255569,-0.277099435
달서구,용산2동,0,6,8.571428571,1.403508772,0.145985401,0.481174653,4.985639564,0.487128776,2.586786496,1.894567056,2.5,3.684210526,0.555555556,1.627906977,0,0,1.822463768,1.114327062,1.243781095,1.586114677,0.308452379
달서구,이곡1동,0,6,2.857142857,1.49122807,1.532846715,0.387483119,4.729320236,1.6934336,2.478629951,1.727457952,5,3.157894737,0.833333333,2.093023256,0,0,1.31884058,2.525325615,1.641791045,2.005727802,-0.278269851
달서구,이곡2동,5.824175824,2,2.857142857,2.807017544,0.072992701,0.269365452,4.085871761,2.217160136,3.547426005,2.587992874,0,0.877192982,1.944444444,1.744186047,0,0,1.992753623,2.945007236,0.771144279,1.177805836,1.410187038
달서구,신당동,7.142857143,8,2.857142857,5.701754386,0.328467153,0.620035292,3.833509504,10,2.6154596,3.868230479,2.5,6.49122807,2.777777778,2.674418605,0,0,7.148550725,9.001447178,3.830845771,4.672668308,-0.804437829
달서구,월성1동,0,8,4.285714286,1.49122807,4.781021898,0.70896254,6.173463224,0.06992698,0.841199536,2.18327025,0,4.385964912,1.111111111,0.581395349,0,0,1.485507246,0.810419682,1.169154229,1.275045113,0.908225137
달서구,월성2동,0,6,7.142857143,0.175438596,0.03649635,0.264766083,5.341145566,4.201267831,8.373554663,2.174056584,5,2.280701754,3.888888889,2.325581395,0,0,5.844202899,2.945007236,1.169154229,2.771199101,-0.597142518
달서구,진천동,1.538461538,10,4.285714286,2.894736842,1.423357664,0.919855532,6.303316591,0.319130191,3.537469827,2.991592514,2.5,8.070175439,1.111111111,2.209302326,0,0.322580645,3.134057971,1.903039074,4.054726368,3.387436989,-0.395844475
달서구,유천동,0,8,0,0.350877193,3.248175182,0.586465394,5.899047518,0.017275005,0,1.760162411,0,3.157894737,1.388888889,1.511627907,0,0,1.695652174,1.852387844,0.597014925,1.145110434,0.615051977
달서구,상인1동,0.32967033,6,8.571428571,1.315789474,2.591240876,0.610360125,6.295811485,0.05692286,3.635449348,2.291032829,2.5,3.157894737,2.222222222,1.046511628,0,0,1.510869565,0.984081042,0.970149254,1.428677915,0.862354914
달서구,상인2동,0,2,0,6.49122807,0.693430657,0.319427113,5.676404444,0.378699746,4.096041921,1.933996408,2.5,2.807017544,0.277777778,0.813953488,0,0,0.775362319,0.781476122,2.412935323,1.639388975,0.294607432
달서구,상인3동,1.868131868,4,2.857142857,1.929824561,0,0.168344245,7.553796252,0.354738942,9.601080275,2.655186107,2.5,2.456140351,2.5,1.395348837,0,0,1.061594203,1.584659913,2.014925373,1.731204817,0.92398129
달서구,도원동,0.989010989,8,5.714285714,1.315789474,0.547445255,0.599897018,6.952405325,0.048500157,4.48398111,2.59033538,5,3.50877193,1.111111111,2.558139535,0,0,1.797101449,2.604920405,1.517412935,2.123823159,0.466512222
달서구,송현1동,0.659340659,2,0,1.228070175,0.255474453,0.318895712,5.306893449,1.597387078,5.868249689,1.630316359,0,4.561403509,0.277777778,1.046511628,0,0,0.786231884,0.665701881,3.631840796,1.991125911,-0.360809552
달서구,송현2동,1.318681319,4,4.285714286,3.421052632,0.255474453,0.299343811,6.937481676,2.331354665,6.961796885,2.570304761,2.5,2.98245614,0,0.23255814,0,0,0.833333333,1.541244573,2.587064677,1.767145034,0.803159727
달서구,본동,1.098901099,2,0,1.666666667,0.109489051,0.193906477,5.484075312,2.196882726,5.819197631,1.745030286,0,2.280701754,0.833333333,0.697674419,0,0,1.065217391,0.904486252,1.865671642,1.232816649,0.512213637
